accuracy,macro_precision,macro_recall,macro_f1,balanced_accuracy,mcc,quadratic_weighted_kappa,mean_absolute_error,mean_squared_error,average_severity_distance,adjacent_accuracy,severe_error_rate,model,fold
0.6315832353728512,0.6020160152467329,0.5755853360878604,0.5862225610071672,0.5755853360878604,0.43056627510297685,0.5176829743517994,0.45523108974732013,0.6462714882622005,0.45523108974732013,0.9218915490170975,0.0781084509829025,RandomForestClassifier,1
0.6386598476150714,0.5935976170619296,0.6273709040566335,0.6069506446789373,0.6273709040566335,0.43102458117630316,0.4918524950720333,0.44740168620765636,0.6331396629904092,0.44740168620765636,0.9207459207459208,0.07925407925407925,RandomForestClassifier,2
0.6491050243037159,0.5947691110356859,0.60918416384791,0.5975041626837386,0.60918416384791,0.4543485813462182,0.5196500377530558,0.4421778893777788,0.6396254232993158,0.4421778893777788,0.9161579395977792,0.08384206040222074,RandomForestClassifier,3
0.5143196147314054,0.38601110374502073,0.47278917066363974,0.383505564183984,0.47278917066363974,0.22353660857527283,0.11146984683054184,0.7732708280017682,1.391585045250448,0.7732708280017682,0.7339762231579927,0.2660237768420073,RandomForestClassifier,4
0.6098444097402973,0.4775723576706117,0.49121890446936156,0.4802861278724309,0.49121890446936156,0.3540121084240343,0.4206726690707915,0.5113193359939846,0.7751171264966163,0.5113193359939846,0.889571403782752,0.11042859621724796,RandomForestClassifier,5
0.6168135103993296,0.6029475514000081,0.547372411398522,0.5674210829513553,0.547372411398522,0.40168277938863617,0.4805621966189081,0.47817130087640686,0.6876709458908973,0.47817130087640686,0.9147801999557723,0.0852198000442277,ExtraTreesClassifier,1
0.6368159203980099,0.601226654780293,0.6014501289339085,0.6010818796517476,0.6014501289339085,0.4120647313114423,0.4865419907980342,0.4418119194238597,0.61110531259785,0.4418119194238597,0.9273910169432558,0.07260898305674425,ExtraTreesClassifier,2
0.6500264922020779,0.601402425355254,0.5795293255361565,0.589294265750531,0.5795293255361565,0.43558318111793276,0.5211668136051956,0.43059043055587554,0.6050012670183602,0.43059043055587554,0.9259715727153355,0.07402842728466447,ExtraTreesClassifier,3
0.5186701719284368,0.3797674462048163,0.4361362144866279,0.3826717691095127,0.4361362144866279,0.19810917617187324,0.08250163489816154,0.7458879091733941,1.3017355698764628,0.7458879091733941,0.7488076681478724,0.2511923318521276,ExtraTreesClassifier,4
0.6133263925039042,0.4869935449876242,0.46358134232294895,0.47125575580753903,0.46358134232294895,0.33290818750984547,0.41071659953512296,0.49109838625715774,0.7174156978425589,0.49109838625715774,0.9043090982705767,0.09569090172942334,ExtraTreesClassifier,5
0.6663485375760891,0.666651717208629,0.5787971753262764,0.6017203020355282,0.5787971753262764,0.4777500758330168,0.5310699514043783,0.4202562878990677,0.6135779047707725,0.4202562878990677,0.9234511574855387,0.0765488425144613,HistGradientBoostingClassifier,1
0.6885038676083453,0.6809643606377866,0.6248613746369669,0.64288061121902,0.6248613746369669,0.48680277552731743,0.5447569492773483,0.3761495552540329,0.5157081724245903,0.3761495552540329,0.9404724628605226,0.059527537139477435,HistGradientBoostingClassifier,2
0.7226611992904697,0.6785255263046766,0.63968274879517,0.6523907211958457,0.63968274879517,0.5424970360713887,0.6161209346519224,0.33859337925315025,0.471146536432537,0.33859337925315025,0.9437674215024534,0.05623257849754659,HistGradientBoostingClassifier,3
0.7094665332805993,0.545591542814212,0.483996140778242,0.508830800937401,0.483996140778242,0.3664297399419697,0.38220047186334094,0.37976641928204175,0.5667473187073959,0.37976641928204175,0.915024544587395,0.08497545541260498,HistGradientBoostingClassifier,4
0.6831742726589161,0.5954504321912854,0.522821141763961,0.5501519562054545,0.522821141763961,0.4171305841104702,0.4963648173451648,0.40084446758054254,0.5829718318005669,0.40084446758054254,0.923026201631095,0.07697379836890508,HistGradientBoostingClassifier,5
0.6729710541323805,0.6744254774057021,0.5826996304295287,0.6085872802391636,0.5826996304295287,0.4879513465814298,0.5411503359227564,0.41086372048091807,0.5977606815721784,0.41086372048091807,0.925778931319033,0.07422106868096695,XGBoostClassifier,1
0.6965753980679353,0.6908435885764487,0.6317966806464822,0.651987918941337,0.6317966806464822,0.5002443755926134,0.5605863131913131,0.3648540514212156,0.4971529299887509,0.3648540514212156,0.9432905403054657,0.05670945969453432,XGBoostClassifier,2
0.7264392176737543,0.6846418352724657,0.63417234127886,0.6534332562430558,0.63417234127886,0.5492589833719058,0.6220062402881736,0.3327305397498215,0.4603077702780529,0.3327305397498215,0.9454491004169642,0.05455089958303578,XGBoostClassifier,3
0.5715050136100319,0.47497920610959027,0.4441712756343093,0.4452542471035091,0.4441712756343093,0.2244936882837298,0.10453326890027415,0.6596677756322267,1.1310401786752902,0.6596677756322267,0.7733406230370147,0.22665937696298535,XGBoostClassifier,4
0.6884377349759963,0.6031944865449821,0.5389728125273436,0.5640325836802709,0.5389728125273436,0.428860827489529,0.5155332587930184,0.3921105905489039,0.5656313262768234,0.3921105905489039,0.9256637168141593,0.0743362831858407,XGBoostClassifier,5
0.6685366449795738,0.6693031945328319,0.5775470674477795,0.6025705127327106,0.5775470674477795,0.4809081717109273,0.5318056280014958,0.4176375423363866,0.6099814941980237,0.4176375423363866,0.9238236012988978,0.0761763987011022,LightGBMClassifier,1
0.6939428730473507,0.6830704631254144,0.6285348693340559,0.6463397875043,0.6285348693340559,0.49596327696828935,0.5492428931229476,0.37081492305372904,0.5110461677625857,0.37081492305372904,0.940600030152269,0.05939996984773104,LightGBMClassifier,2
0.7242968048100624,0.6830444431576004,0.632292693010571,0.6512815400449308,0.632292693010571,0.5452130557175384,0.6182025473100123,0.33563316362966206,0.4648690363749453,0.33563316362966206,0.9447579994931926,0.055242000506807346,LightGBMClassifier,3
0.7353953888746714,0.5907647199034141,0.4953280031559416,0.5297512195930515,0.4953280031559416,0.410826442420883,0.46648561000176425,0.32892073610497174,0.4656724751646,0.32892073610497174,0.9397436195705279,0.060256380429472116,LightGBMClassifier,4
0.6865290068829892,0.5988426073948938,0.5248444507294776,0.5524492499546513,0.5248444507294776,0.4219305682490756,0.5056310479853854,0.3948753542715021,0.5709873329862919,0.3948753542715021,0.9252472670484123,0.07475273295158771,LightGBMClassifier,5
0.6317112629336934,0.6852708006508974,0.4901997482938755,0.5276461788216417,0.4901997482938755,0.3996084073341352,0.541089397450848,0.40668536644979575,0.4889488937254856,0.40668536644979575,0.9643385048708667,0.035661495129133254,HistGradientBoostingRegressor,1
0.642301313943105,0.698141536885414,0.5376019843002712,0.571442649235093,0.5376019843002712,0.4130912039427795,0.552282829126053,0.37961706618423036,0.4266082176529938,0.37961706618423036,0.979658815479711,0.020341184520288998,HistGradientBoostingRegressor,2
0.6428966343385012,0.6809816211675056,0.5251195937763955,0.5550865468526446,0.5251195937763955,0.44200324017925413,0.5968565675328084,0.3762123062037826,0.416941187311387,0.3762123062037826,0.9821465594692345,0.01785344053076551,HistGradientBoostingRegressor,3
0.40767280087476443,0.5659144278527529,0.3043565568075569,0.27087283688591546,0.3043565568075569,0.10734967790467703,0.20070828283676523,0.6136495823930391,0.6587604401740222,0.6136495823930391,0.9799106623548844,0.020089337645115512,HistGradientBoostingRegressor,4
0.582404997397189,0.6298656732444549,0.4528302342753371,0.46336900706606626,0.4528302342753371,0.3401498567353449,0.4915063085747795,0.44381976979582394,0.500526346231708,0.44381976979582394,0.9759037538319163,0.024096246168083753,HistGradientBoostingRegressor,5
